Wavelengths,Rrs_sr-1,MEM_PUW,MEM_LowC,MEM_CDOM,MEM_CDOM-Chl,MEM_Chl,MEM_TSM,MEM_TSM-CDOM,MEM_TSM-Chl,MEM_HighC
350,0.003340703,0.026794265,0.007257677,0.000452643,0.004001126,0.05219152,0.075349831,0.004552035,0.100722382,0.008709552
351,0.003372973,0.026619203,0.007307601,0.000456127,0.004033294,0.052045609,0.075809371,0.004610994,0.100382296,0.008798735
352,0.003405308,0.026525361,0.007357593,0.000459651,0.004065729,0.051898738,0.076265394,0.004670733,0.100043519,0.008888765
353,0.003437685,0.026429576,0.007406802,0.000463195,0.004098377,0.051746938,0.076713105,0.004731213,0.099698729,0.00897954
354,0.003470131,0.026310554,0.007454965,0.000466754,0.004131218,0.051588992,0.077150879,0.004792427,0.099345711,0.009071029
355,0.003502648,0.026174558,0.007502142,0.000470332,0.004164254,0.051424898,0.077578955,0.004854389,0.098984487,0.009163229
356,0.003535224,0.026034279,0.007548516,0.000473933,0.00419749,0.051254961,0.077998317,0.004917117,0.098615621,0.009256148
357,0.003567853,0.025900818,0.007594245,0.000477567,0.004230932,0.051079311,0.078409609,0.004980632,0.098239348,0.009349788
358,0.003600518,0.025772076,0.007639373,0.000481228,0.004264575,0.050897921,0.078813177,0.005044944,0.09785563,0.009444145
359,0.003633233,0.025646876,0.007683871,0.000484924,0.004298417,0.050710396,0.07920838,0.005110063,0.097463754,0.009539205
360,0.003665993,0.02552384,0.007727649,0.00048867,0.004332456,0.050516153,0.079593973,0.005175996,0.097062672,0.009634949
361,0.003698752,0.025396884,0.007770578,0.00049247,0.004366684,0.050314679,0.079968817,0.005242746,0.0966515,0.009731356
362,0.003731543,0.025254588,0.00781252,0.000496318,0.004401087,0.050105717,0.080332356,0.005310313,0.096229852,0.009828404
363,0.003764392,0.025085674,0.007853366,0.000500198,0.004435652,0.049889275,0.080684596,0.005378696,0.095797843,0.009926074
364,0.003797264,0.024887683,0.007893077,0.000504102,0.004470369,0.049665576,0.081025748,0.005447898,0.095355962,0.010024357
365,0.003830152,0.024670702,0.007931687,0.000508039,0.00450524,0.049434953,0.081355998,0.005517933,0.094904858,0.010123246
366,0.00386305,0.02444253,0.00796928,0.000512006,0.004540265,0.049198024,0.081676354,0.005588811,0.0944457,0.010222745
367,0.003895989,0.024217395,0.008005997,0.000516006,0.004575446,0.048955474,0.081987933,0.005660551,0.093979752,0.010322857
368,0.00392894,0.024004803,0.008041986,0.000520034,0.004610785,0.04870818,0.082292259,0.005733167,0.093508603,0.010423594
369,0.003961971,0.023820218,0.008077427,0.000524097,0.004646292,0.048456956,0.082590592,0.00580668,0.093033706,0.010524969
370,0.00399502,0.023680774,0.008112502,0.00052821,0.004681978,0.048202523,0.082883937,0.005881112,0.092556315,0.010626994
371,0.00402812,0.023598064,0.008147352,0.00053238,0.004717851,0.047945601,0.083173181,0.005956484,0.092077673,0.010729684
372,0.004061244,0.023573645,0.008182021,0.000536603,0.004753902,0.047686177,0.083458996,0.006032805,0.091597735,0.010833024
373,0.004094282,0.023605299,0.008216543,0.000540866,0.004790154,0.047426269,0.083741972,0.006110086,0.091120028,0.010937074
374,0.004127347,0.023689303,0.00825084,0.000545163,0.004826584,0.04716495,0.084021974,0.006188332,0.090642873,0.011041789
375,0.004160694,0.023821912,0.008284773,0.000549499,0.004863152,0.046899919,0.084297925,0.006267545,0.090162165,0.011147076
376,0.004194088,0.023991609,0.008318191,0.00055387,0.004899841,0.046630458,0.08456875,0.006347725,0.089676592,0.011252893
377,0.004227425,0.024195644,0.008351042,0.000558283,0.004936675,0.046358319,0.084833656,0.006428879,0.089189181,0.011359294
378,0.0042608,0.024430687,0.008383302,0.000562731,0.004973694,0.04608629,0.08509252,0.006511015,0.088704788,0.011466368
379,0.004294212,0.024699892,0.008414897,0.00056722,0.005010909,0.045815319,0.085344888,0.006594138,0.088225024,0.01157414
380,0.004327659,0.025005562,0.008445682,0.000571757,0.005048289,0.045543607,0.085589771,0.006678247,0.087746653,0.011682536
381,0.004361219,0.02534843,0.008475602,0.00057635,0.005085845,0.045271721,0.085826563,0.006763349,0.087270607,0.011791567
382,0.004394815,0.025723675,0.008504632,0.000580994,0.005123568,0.044999596,0.086055167,0.006849449,0.086796685,0.011901222
383,0.00442835,0.026117172,0.00853273,0.00058568,0.005161453,0.0447272,0.086275388,0.006936553,0.086324752,0.01201149
384,0.004461932,0.02651268,0.008559789,0.000590404,0.00519949,0.044454383,0.086486529,0.007024661,0.085854473,0.012122353
385,0.004495578,0.026900542,0.008585682,0.000595171,0.005237674,0.044180989,0.086687741,0.007113773,0.085385524,0.012233791
386,0.00452929,0.027264867,0.008610254,0.000599974,0.005275991,0.04390697,0.086878574,0.007203882,0.084917801,0.012345782
387,0.004563247,0.027584283,0.008633348,0.000604802,0.005314426,0.043632286,0.087058805,0.007294982,0.084451221,0.012458305
388,0.004597211,0.027850582,0.008654852,0.000609661,0.00535297,0.043356887,0.087228075,0.007387072,0.083985683,0.012571336
389,0.004631193,0.028051713,0.008674734,0.000614535,0.005391612,0.043081078,0.087387304,0.007480152,0.083521708,0.012684868
390,0.004665184,0.028182424,0.008693039,0.000619396,0.005430345,0.042805521,0.087538258,0.00757423,0.083060425,0.012798911
391,0.004699267,0.028255868,0.008709907,0.000624229,0.005469173,0.042531017,0.087682677,0.007669321,0.082603165,0.012913491
392,0.004733453,0.028299756,0.008725509,0.000629046,0.005508113,0.042258247,0.08782148,0.007765446,0.082151009,0.013028638
393,0.004767753,0.028347473,0.00874009,0.000633877,0.005547193,0.041987788,0.087955316,0.007862634,0.081704811,0.013144387
394,0.004802136,0.028421364,0.008753899,0.000638738,0.005586435,0.041720165,0.088084952,0.007960915,0.081265332,0.01326077
395,0.004836679,0.028520531,0.008767106,0.000643627,0.005625854,0.041455838,0.088211183,0.008060309,0.080833231,0.013377819
396,0.004871418,0.028660693,0.008779897,0.000648555,0.005665473,0.041195264,0.088334379,0.008160842,0.080409144,0.013495569
397,0.004906365,0.02889628,0.008792708,0.000653545,0.005705328,0.040939286,0.088456532,0.008262562,0.079994373,0.013614084
398,0.004941593,0.029246204,0.008805825,0.000658577,0.005745441,0.040688692,0.088579648,0.008365504,0.079590138,0.013733427
399,0.004977059,0.029724014,0.008819373,0.00066368,0.005785828,0.040443375,0.088703558,0.008469691,0.079196145,0.013853604
400,0.005012718,0.030330313,0.008833292,0.000668904,0.005826494,0.040202601,0.088826415,0.008575127,0.078811045,0.013974584
401,0.005048597,0.031051097,0.008847492,0.000674276,0.005867436,0.039965792,0.08894689,0.008681815,0.078433782,0.014096336
402,0.005083755,0.031856014,0.008861886,0.000679774,0.005908644,0.039732888,0.08906509,0.008789756,0.078064213,0.014218857
403,0.005118801,0.032691578,0.008876338,0.000685347,0.0059501,0.039503919,0.089181438,0.008898949,0.077702365,0.014342145
404,0.005156202,0.033489884,0.008890612,0.000690969,0.005991782,0.039278493,0.089295173,0.00900938,0.077347549,0.014466171
405,0.00519097,0.034201724,0.008904563,0.000696663,0.006033677,0.03905598,0.089405141,0.009121043,0.076998676,0.014590886
406,0.005228226,0.034762641,0.00891804,0.000702411,0.006075763,0.038836122,0.08951131,0.009233932,0.076655313,0.014716263
407,0.005265448,0.035158572,0.008931161,0.000708212,0.006118039,0.038618938,0.089615008,0.009348067,0.076317485,0.014842296
408,0.00530263,0.035409642,0.008943899,0.000714051,0.006160389,0.03840428,0.089716543,0.009463325,0.075985146,0.014968773
409,0.005339773,0.035578326,0.008957196,0.000719973,0.006203641,0.038196318,0.089823028,0.009580673,0.075663793,0.015097354
410,0.005379686,0.035707075,0.00897014,0.000725892,0.006245811,0.037986257,0.089926716,0.009697905,0.075342301,0.015224068
411,0.005416779,0.035806103,0.008983913,0.000731887,0.006288328,0.037780629,0.090036451,0.009816658,0.075028928,0.015351766
412,0.005456729,0.035868136,0.009000607,0.000738119,0.006334429,0.03759395,0.090168662,0.009940614,0.074742106,0.015486928
413,0.005496716,0.035881771,0.009021073,0.000744659,0.006385755,0.037433275,0.090330343,0.01007166,0.074490831,0.01563284
414,0.005533702,0.035849481,0.00904422,0.000751428,0.006440778,0.037291332,0.090512905,0.010208121,0.074265909,0.015786453
415,0.005573687,0.035772817,0.009068118,0.000758276,0.006496316,0.037153475,0.090700499,0.010346445,0.074048693,0.015941394
416,0.005613701,0.035619917,0.009091744,0.000765133,0.006550938,0.037013128,0.090884771,0.010485013,0.0738307,0.016094793
417,0.00565373,0.035373199,0.009116395,0.000772104,0.006606638,0.03687928,0.091075642,0.010626081,0.073623269,0.016250631
418,0.005690508,0.035021547,0.009141631,0.000779144,0.006662619,0.036748301,0.091269741,0.010768776,0.073421777,0.016407319
419,0.005730495,0.034586327,0.009167507,0.000786259,0.006719007,0.036620873,0.091467812,0.010913245,0.073227134,0.016565112
420,0.005770497,0.03410625,0.009193934,0.000793456,0.006775818,0.036497223,0.091669378,0.011059493,0.07303971,0.016724043
421,0.005810506,0.033613573,0.009220913,0.000800739,0.006833069,0.036377628,0.091874504,0.011207535,0.072859945,0.016884154
422,0.005847042,0.033125404,0.009248618,0.000808107,0.006890782,0.03626239,0.092084381,0.011357411,0.072688313,0.017045492
423,0.005887041,0.032655503,0.009277405,0.000815556,0.006948987,0.036151893,0.092300981,0.011509185,0.072525388,0.017208122
424,0.005927064,0.032221277,0.009307524,0.000823091,0.007007715,0.036046508,0.092525543,0.011662908,0.072371738,0.017372114
425,0.005963427,0.031837452,0.009338934,0.000830719,0.007066993,0.035946482,0.092757564,0.011818594,0.072227738,0.017537519
426,0.006003408,0.031491162,0.009371512,0.000838434,0.007126835,0.035851935,0.092996562,0.011976246,0.072093581,0.017704376
427,0.00604339,0.031163946,0.009405514,0.000846234,0.007187254,0.035762923,0.093244366,0.012135926,0.071969348,0.017872718
428,0.006079498,0.030840827,0.009439844,0.00085411,0.007248267,0.035679542,0.093494091,0.012297492,0.071855179,0.018042582
429,0.006119381,0.030503738,0.009475108,0.000862065,0.007309891,0.035601865,0.093749637,0.012461051,0.071751172,0.018214009
430,0.006159246,0.030123716,0.009512748,0.000870112,0.007372136,0.035529861,0.094020323,0.012626837,0.071657265,0.018387023
431,0.006199085,0.029671189,0.00955345,0.000878256,0.007435012,0.035463486,0.094310406,0.012794975,0.071573361,0.018561649
432,0.006238888,0.029130356,0.009596404,0.000886492,0.00749854,0.035402782,0.094614553,0.012965372,0.071499502,0.018737924
433,0.006278648,0.028503648,0.009640074,0.000894808,0.007562746,0.035347916,0.094922723,0.01313782,0.071435924,0.018915906
434,0.006318329,0.027803398,0.009683848,0.000903203,0.007627666,0.035299108,0.095230696,0.013312244,0.071382951,0.019095664
435,0.006357924,0.027048044,0.009728854,0.000911693,0.007693336,0.035256615,0.095545295,0.013488824,0.071340965,0.019277273
436,0.006401843,0.02625834,0.009774945,0.000920295,0.0077599,0.03522107,0.095864199,0.013667593,0.071310696,0.019460954
437,0.006441341,0.025456002,0.009821559,0.000928903,0.007826697,0.035190308,0.096190617,0.013848242,0.071290393,0.019645852
438,0.006485304,0.024642495,0.009870632,0.000937804,0.007895499,0.035170509,0.096518832,0.014031674,0.071285594,0.019834358
439,0.006529352,0.023827884,0.009920835,0.000946802,0.007965102,0.035157459,0.09685274,0.014217283,0.071292619,0.020024882
440,0.006573487,0.023024199,0.009969001,0.000955437,0.008032718,0.035141497,0.097200682,0.014403644,0.071302931,0.02021372
441,0.006617709,0.022233517,0.010013505,0.000963478,0.008096941,0.035117827,0.09756653,0.014590035,0.071312242,0.020399018
442,0.006666905,0.021446651,0.010055738,0.000971136,0.008159117,0.035091196,0.097945278,0.014777128,0.071324677,0.020582603
443,0.00671139,0.020654429,0.010099101,0.000978869,0.00822204,0.035071295,0.098329906,0.014966406,0.071348754,0.020768228
444,0.006761017,0.019862057,0.010144636,0.000986876,0.008286984,0.03506249,0.098714564,0.015158462,0.071388368,0.020957617
445,0.006810855,0.019093814,0.010190421,0.000994873,0.008352252,0.035058944,0.099104861,0.015352436,0.071438501,0.021148534
446,0.006860901,0.018362623,0.010236952,0.001002966,0.008418577,0.035063332,0.099497171,0.015548649,0.071501708,0.021341998
447,0.006911201,0.01768409,0.010284339,0.00101114,0.008485902,0.035075606,0.099893316,0.015747107,0.071578175,0.021537975
448,0.006961775,0.017068576,0.010333273,0.001019399,0.008554271,0.035096066,0.10029745,0.015947951,0.071668392,0.021736571
449,0.007018162,0.016521179,0.010384068,0.001027745,0.008623728,0.035124972,0.100711497,0.01615126,0.071772773,0.021937884
450,0.007069387,0.016043018,0.010436806,0.001036176,0.008694313,0.035162523,0.101135942,0.016357072,0.071891635,0.022142006
451,0.007121013,0.015632367,0.010491186,0.001044692,0.008766065,0.035208859,0.101568964,0.016565349,0.07202518,0.02234902
452,0.007173156,0.015285494,0.010547374,0.001053295,0.008839018,0.035264054,0.102011202,0.016776144,0.072173496,0.022558996
453,0.00722581,0.014997773,0.010606097,0.001061997,0.008913206,0.03532813,0.102466505,0.01698961,0.072336576,0.022771997
454,0.007284923,0.01476275,0.010667328,0.001070803,0.008988653,0.035401023,0.102934342,0.01720576,0.072514272,0.022988067
455,0.007338422,0.014571149,0.010730645,0.00107971,0.009065373,0.035482549,0.10341198,0.017424534,0.072706242,0.023207226
456,0.007385993,0.014411124,0.010795666,0.001088717,0.00914337,0.035572413,0.103897016,0.017645877,0.072911959,0.023429469
457,0.007440076,0.014269597,0.010862475,0.001097825,0.009222637,0.035670243,0.104389721,0.017869823,0.073130781,0.023654772
458,0.0074944,0.014133662,0.010930505,0.001107027,0.009303163,0.035775637,0.104887028,0.018096275,0.07336202,0.023883099
459,0.007548993,0.0139919,0.010999534,0.001116318,0.009384935,0.035888204,0.105387696,0.01832521,0.073605009,0.024114414
460,0.007597146,0.013836322,0.011070542,0.001125708,0.009467943,0.036007621,0.105897153,0.018556839,0.073859198,0.02434869
461,0.007652251,0.013663851,0.011143948,0.001135202,0.00955219,0.036133683,0.106417659,0.018791261,0.074124226,0.024585922
462,0.007700713,0.013476037,0.01121922,0.001144791,0.009637687,0.036266302,0.106946193,0.019028388,0.074399915,0.024826126
463,0.007749335,0.013277904,0.011295386,0.001154471,0.009724458,0.036405481,0.107477088,0.019268037,0.074686222,0.02506934
464,0.007805334,0.013075251,0.011372118,0.00116424,0.009812528,0.036551238,0.108008265,0.019510152,0.074983125,0.025315601
465,0.007854349,0.012872773,0.011450246,0.001174113,0.009901919,0.036703558,0.108544065,0.019754908,0.075290556,0.025564942
466,0.007903449,0.012672489,0.011529517,0.001184086,0.009992642,0.036862347,0.109082931,0.020002266,0.075608319,0.025817375
467,0.007952633,0.012474491,0.011610018,0.00119417,0.010084697,0.03702737,0.109625037,0.020252251,0.075935985,0.026072879
468,0.00800956,0.012271899,0.011691214,0.001204349,0.010178073,0.037198292,0.110167462,0.020504764,0.076272964,0.026331414
469,0.008058934,0.012061787,0.011773002,0.001214634,0.010272746,0.037374645,0.110709439,0.020759788,0.076618455,0.026592903
470,0.008108368,0.011844177,0.011855549,0.001225045,0.010368685,0.037555906,0.111251643,0.021017363,0.076971578,0.026857255
471,0.008165959,0.011618048,0.01193883,0.001235594,0.010465861,0.03774158,0.111793759,0.021277487,0.077331498,0.027124381
472,0.00821567,0.011379493,0.012022374,0.001246269,0.010564246,0.037931247,0.112333415,0.021540071,0.077697503,0.027394205
473,0.008265433,0.011125537,0.012105559,0.001257043,0.010663821,0.038124627,0.112867654,0.021804994,0.078069122,0.027666681
474,0.008323693,0.010860001,0.012188239,0.001267908,0.010764589,0.038321615,0.113395873,0.022072234,0.07844616,0.027941799
475,0.008373626,0.010593289,0.01227095,0.001278881,0.01086656,0.038522179,0.113920799,0.022341905,0.078828543,0.028219566
476,0.008432313,0.01032917,0.012353792,0.001289956,0.010969735,0.038726258,0.114443154,0.02261404,0.079216155,0.028499979
477,0.008482459,0.010070365,0.012436436,0.001301127,0.01107411,0.038933702,0.114961616,0.022888574,0.079608746,0.028783016
478,0.008541777,0.009819559,0.012520081,0.001312407,0.011179684,0.039144419,0.115482114,0.023165782,0.080006154,0.029068666
479,0.008592327,0.009579735,0.012604177,0.001323788,0.011286465,0.039358375,0.116002065,0.023445549,0.080408301,0.029356932
480,0.008643019,0.009352438,0.012687162,0.001335249,0.011394452,0.039575473,0.116514029,0.023727536,0.080815012,0.029647803
481,0.008703371,0.009137813,0.012768264,0.00134678,0.011503645,0.039795584,0.117014445,0.024011575,0.081226056,0.029941256
482,0.008754553,0.0089334,0.012848176,0.00135839,0.011614021,0.040018395,0.117506755,0.02429782,0.081640916,0.030237229
483,0.008815544,0.008734012,0.012928145,0.001370098,0.01172553,0.040243345,0.117996959,0.024586545,0.082058677,0.030535594
484,0.008866958,0.008533599,0.013008225,0.001381892,0.011838064,0.040469623,0.118485881,0.02487773,0.082478098,0.030836115
485,0.008928502,0.008329199,0.013087969,0.001393865,0.01195189,0.040697525,0.118967342,0.025171493,0.08289923,0.031139187
486,0.008980125,0.008122758,0.013165232,0.001405758,0.012066231,0.040924951,0.119440844,0.025466806,0.083319704,0.031443515
487,0.009042164,0.007916414,0.013241919,0.001417775,0.012181628,0.04115312,0.119908217,0.02576447,0.083740733,0.031749955
488,0.009093997,0.007705395,0.013320939,0.001430327,0.012299294,0.041384736,0.120367698,0.026065994,0.084165009,0.032060436
489,0.009156566,0.007489697,0.013404459,0.001443653,0.012419829,0.04162095,0.120821507,0.026372301,0.084593545,0.032375877
490,0.009219471,0.007274005,0.013491584,0.001457588,0.012542627,0.041860021,0.121272598,0.02668278,0.085024334,0.032695248
491,0.009271567,0.007060853,0.013578711,0.001471723,0.012666428,0.042098542,0.121719387,0.026995763,0.085453539,0.033016462
492,0.009334802,0.006846291,0.013662854,0.001485838,0.012790611,0.042334519,0.122155304,0.027310177,0.085878731,0.033338457
493,0.009398275,0.006623844,0.013744584,0.001500155,0.012915863,0.042569205,0.122574212,0.027626657,0.086300952,0.033662302
494,0.009461993,0.006393031,0.013822073,0.001514542,0.013041834,0.042801489,0.122972068,0.027944556,0.086718865,0.033987399
495,0.009525979,0.006160678,0.013896485,0.00152904,0.013168596,0.043031732,0.123353984,0.028264158,0.087133005,0.034313868
496,0.009590249,0.005931372,0.013968146,0.001543641,0.013296215,0.043260569,0.123722004,0.028585537,0.087544394,0.034641856
497,0.009667083,0.00570835,0.014038023,0.001558345,0.013424756,0.043488614,0.124080875,0.028908928,0.08795401,0.034971509
498,0.009732236,0.005494584,0.014105501,0.001573151,0.01355425,0.043716153,0.124428432,0.029234167,0.088362315,0.035302891
499,0.009810329,0.005287622,0.014171022,0.001588049,0.013684675,0.043943027,0.124767002,0.02956136,0.088769088,0.03563595
500,0.009889043,0.005081687,0.014235136,0.001603019,0.013815941,0.044168533,0.125099361,0.029890649,0.089173276,0.035970494
501,0.00996816,0.00487161,0.014297144,0.001618034,0.013947887,0.044391399,0.125422864,0.030221849,0.089572949,0.036306175
502,0.010034273,0.004655055,0.01435454,0.001633068,0.014080299,0.044609907,0.125727169,0.030554293,0.089965506,0.036642521
503,0.010127801,0.004432687,0.014404105,0.001648097,0.014212954,0.044822296,0.125998912,0.030887104,0.090348276,0.036979035
504,0.010208556,0.004206173,0.01444384,0.001663103,0.01434567,0.045027199,0.126230005,0.03121969,0.090719212,0.037315316
505,0.010290019,0.003976722,0.014473952,0.001678075,0.014478337,0.045223876,0.126421691,0.031552001,0.091077236,0.037651123
506,0.010372381,0.003749322,0.014494383,0.001693032,0.014611329,0.045413172,0.12657423,0.031884377,0.091423314,0.037987055
507,0.010454938,0.003529323,0.014505463,0.001707925,0.014742044,0.045589766,0.126685716,0.032213657,0.091751759,0.038318807
508,0.010536714,0.003320483,0.014511183,0.00172296,0.014877321,0.045770401,0.126780627,0.032548554,0.092082185,0.038657845
509,0.010634137,0.003127426,0.014512823,0.00173806,0.015012729,0.04594664,0.1268584,0.032883844,0.092405942,0.038996899
510,0.010717406,0.002954392,0.01451041,0.001753002,0.015137882,0.046097046,0.126906009,0.033206978,0.092699907,0.039318872
511,0.010801555,0.002803567,0.014505858,0.001767707,0.015247756,0.046212778,0.12692466,0.033512162,0.092955387,0.039615686
512,0.010886621,0.00267445,0.014504199,0.001782372,0.015347902,0.046309064,0.126941183,0.033806786,0.093190952,0.039896879
513,0.010973243,0.002564925,0.014511679,0.001797333,0.015449365,0.046413215,0.126993921,0.034105042,0.093438674,0.040181066
514,0.011047127,0.002473187,0.014532051,0.001812766,0.015557279,0.046538469,0.12710364,0.034413672,0.093714384,0.040476924
515,0.011141292,0.002398563,0.014564745,0.001828533,0.015665281,0.046671343,0.127259471,0.034724979,0.094003337,0.040773942
516,0.011220685,0.002338382,0.014611035,0.001844715,0.015776156,0.046818581,0.12746957,0.035042546,0.094313376,0.041076811
517,0.011318853,0.002290155,0.014669923,0.001861287,0.01588949,0.046978899,0.127729087,0.035365724,0.094642852,0.04138482
518,0.011400872,0.002251306,0.014740511,0.001878235,0.016005136,0.047151018,0.128033807,0.035694323,0.094989787,0.041697649
519,0.011483739,0.002219333,0.014820206,0.001895516,0.016122849,0.047332965,0.128372804,0.036027593,0.09535116,0.042014763
520,0.011567553,0.002191839,0.014905452,0.001913065,0.016242314,0.047522359,0.128731584,0.036364458,0.095723359,0.042335493
521,0.011652363,0.00216657,0.014992963,0.001930821,0.016363187,0.047716645,0.12909702,0.036703907,0.096102534,0.042659105
522,0.011718903,0.002141571,0.015080502,0.00194874,0.016485129,0.047913391,0.129460354,0.037045241,0.096485042,0.042984887
523,0.011805322,0.002115304,0.01516668,0.001966794,0.016607849,0.04811053,0.129816375,0.037388017,0.096867801,0.043312226
524,0.011892896,0.002086806,0.015250182,0.001984956,0.016731131,0.048306578,0.130160286,0.037731805,0.097248613,0.043640673
525,0.011961068,0.002055929,0.01532964,0.002003202,0.016854891,0.048500939,0.130486955,0.038076147,0.097626592,0.043970042
526,0.012029124,0.002023235,0.015405516,0.002021551,0.01697918,0.04869394,0.130798152,0.03842115,0.098002208,0.044300422
527,0.012097099,0.001990141,0.015478697,0.002040037,0.017104179,0.048886755,0.131097114,0.038767053,0.098377166,0.044632163
528,0.012185974,0.001957068,0.015551506,0.002058697,0.017230158,0.049081167,0.131392478,0.039114588,0.098754074,0.044965806
529,0.012254284,0.001925299,0.015624884,0.002077569,0.017357321,0.049278477,0.131687688,0.039464045,0.099134819,0.045301753
530,0.012322787,0.001896117,0.015698075,0.002096667,0.017485698,0.049478831,0.131979891,0.03981516,0.099519578,0.045640054
531,0.012391503,0.0018699,0.015770287,0.002115995,0.017615254,0.049681923,0.132266136,0.040167661,0.09990787,0.045980623
532,0.012438273,0.001845815,0.015841578,0.00213554,0.017745963,0.049887518,0.132546726,0.040521558,0.100299328,0.046323392
533,0.012507197,0.001822518,0.015912509,0.002155287,0.017877808,0.050095465,0.132823856,0.040877029,0.100693714,0.04666832
534,0.01257638,0.001799215,0.015982855,0.002175219,0.01801073,0.050305357,0.133096912,0.041233988,0.101090422,0.047015281
535,0.012645823,0.001776376,0.016051619,0.002195324,0.018144673,0.05051681,0.133362516,0.041592102,0.101488889,0.047364159
536,0.012715321,0.00175379,0.016119711,0.002215605,0.018279742,0.050730534,0.133624381,0.041951685,0.10189015,0.047715177
537,0.012784837,0.001731376,0.016188271,0.002236071,0.018416087,0.050947497,0.133886949,0.042313146,0.102295611,0.048068645
538,0.012854578,0.001709369,0.016256039,0.002256702,0.018553596,0.051166988,0.134146095,0.042676057,0.102704234,0.048424343
539,0.012924369,0.001686207,0.016320907,0.002277423,0.018691902,0.051386696,0.134394844,0.043039699,0.103112697,0.048781537
540,0.012994246,0.001659578,0.016380538,0.002298137,0.018830528,0.051603656,0.134625601,0.043403258,0.10351676,0.049139277
541,0.013063806,0.001628126,0.016432504,0.002318761,0.018969001,0.051814977,0.134830429,0.043765843,0.103912314,0.049496624
542,0.01315804,0.001592106,0.016474298,0.002339243,0.019106919,0.052018238,0.135001032,0.044126489,0.104295934,0.049852771
543,0.013226508,0.001552807,0.016503951,0.002359565,0.019243988,0.052211719,0.135130792,0.044484372,0.104665199,0.050207129
544,0.013294142,0.001511461,0.016521484,0.002379741,0.019380148,0.052395166,0.135219853,0.04483935,0.105019797,0.050559574
545,0.013360913,0.001468563,0.016529419,0.002399815,0.019515614,0.052570017,0.135276859,0.045192172,0.105361826,0.050910529
546,0.013427138,0.001425699,0.016530487,0.002419868,0.019650754,0.052738598,0.135310889,0.045543691,0.105694621,0.051260714
547,0.013493172,0.001384241,0.016528085,0.002440004,0.019786005,0.052903592,0.135333204,0.045895053,0.106021997,0.051610978
548,0.013558986,0.00134451,0.016525176,0.002460287,0.019921826,0.053067782,0.135353702,0.046247304,0.106347904,0.051962223
549,0.013624379,0.001307542,0.01652468,0.00248082,0.020058624,0.053233564,0.135382029,0.04660153,0.10667571,0.052315233
550,0.01369005,0.001274646,0.016529302,0.002501723,0.020196765,0.05340305,0.135427081,0.046958792,0.10700836,0.052670718
551,0.013756719,0.001246431,0.016541263,0.002523089,0.020336499,0.053577971,0.135496215,0.047320125,0.107348529,0.05302936
552,0.013825441,0.001222395,0.016561644,0.002544905,0.020478693,0.053761044,0.135592814,0.047685297,0.107698145,0.053391479
553,0.013897277,0.001201455,0.016591613,0.002567272,0.020622131,0.05395062,0.135721207,0.048056738,0.108059439,0.053758069
554,0.013941302,0.001182874,0.016630386,0.002590096,0.020767854,0.054148688,0.135878247,0.048432913,0.108431866,0.054128744
555,0.014015381,0.001166743,0.016676009,0.002613194,0.020917999,0.054358602,0.13605642,0.048810112,0.108812652,0.054502193
556,0.014060426,0.001152163,0.016725978,0.002636406,0.021073419,0.054580708,0.136247034,0.04918589,0.109198542,0.054877302
557,0.014135439,0.001138486,0.016777493,0.00265971,0.021232584,0.054810304,0.136441371,0.049560572,0.109586519,0.055253659
558,0.014177624,0.001125122,0.016830465,0.002683249,0.021392732,0.055040201,0.136639974,0.04993712,0.109973882,0.055631261
559,0.014218955,0.001111624,0.016881566,0.002706986,0.021552384,0.055265864,0.136832422,0.050315458,0.110357614,0.056009647
560,0.014291323,0.001097717,0.016925453,0.002730656,0.021712621,0.055488197,0.137000919,0.050691452,0.11073446,0.056387571
561,0.014332134,0.001083299,0.016959793,0.002754218,0.021872661,0.055704979,0.137138348,0.051064771,0.111103215,0.056764865
562,0.014372546,0.001068332,0.016985046,0.002777673,0.022032426,0.055915562,0.13724639,0.051435399,0.111462761,0.057141181
563,0.014444997,0.001052699,0.017002853,0.002801061,0.022191685,0.05611879,0.137330647,0.051803927,0.111811572,0.057516085
564,0.014485211,0.001036267,0.017013017,0.002824365,0.022350125,0.056313089,0.137390699,0.052170145,0.112147565,0.057888987
565,0.014557973,0.001019004,0.017012725,0.002847481,0.022507471,0.056497126,0.137417547,0.052532705,0.112468987,0.058259372
566,0.014595536,0.001000952,0.017001945,0.002870397,0.022663489,0.056669813,0.137411147,0.052891401,0.112774432,0.0586268
567,0.014663763,0.000982197,0.016979509,0.002893053,0.022818021,0.056830524,0.137367761,0.053245486,0.113063132,0.058990987
568,0.014730812,0.000962795,0.016946981,0.002915487,0.022970931,0.056978788,0.137292471,0.053595502,0.113334548,0.059351695
569,0.014796653,0.000942741,0.016902692,0.002937608,0.023122009,0.057113771,0.137179954,0.053940438,0.113587639,0.05970855
570,0.014861503,0.000921979,0.016842806,0.002959243,0.023270863,0.057233728,0.137017765,0.054278176,0.11382014,0.060060839
571,0.014925255,0.000900272,0.016763345,0.002980196,0.023416691,0.057334865,0.136792801,0.054606399,0.11402703,0.060407075
572,0.015023368,0.000877464,0.016663377,0.00300038,0.023558677,0.057413425,0.136501451,0.054924129,0.114203342,0.060745749
573,0.015084247,0.000853679,0.016545141,0.003019828,0.023696327,0.05746742,0.136149988,0.055231825,0.114346494,0.061075962
574,0.01514204,0.000829138,0.016410151,0.003038541,0.023829286,0.057495698,0.135742148,0.055529553,0.114455025,0.061397084
575,0.01523433,0.000804053,0.016257323,0.003056415,0.023957269,0.057497562,0.135273235,0.055816101,0.114528077,0.061708623
576,0.015287045,0.000778565,0.016087911,0.003073426,0.02407994,0.057472103,0.134746002,0.056091353,0.114564484,0.062009992
577,0.015374804,0.000752727,0.015901504,0.003089481,0.024196689,0.057417171,0.134157529,0.056354265,0.114561385,0.062300095
578,0.015422549,0.000726478,0.015696287,0.003104407,0.024306358,0.057328126,0.133499654,0.056602807,0.114512535,0.062576807
579,0.015505427,0.000699631,0.015468576,0.00311792,0.024407206,0.057197773,0.132757209,0.056833606,0.114408191,0.062836919
580,0.015545744,0.000672092,0.015215498,0.003129742,0.024497561,0.05701967,0.131916918,0.057043383,0.114239554,0.063077361
581,0.015620514,0.00064397,0.014936099,0.003139651,0.024576055,0.056789289,0.130970968,0.057229544,0.114000287,0.063295631
582,0.015649566,0.000615541,0.014632008,0.003147535,0.024641895,0.056505168,0.129919971,0.057390843,0.113688063,0.063490299
583,0.015712635,0.000587247,0.014307873,0.003153446,0.024695224,0.056170316,0.128775419,0.057528016,0.113306504,0.063661668
584,0.015731035,0.000559636,0.01397106,0.003157622,0.024737219,0.055792388,0.127559734,0.057644017,0.112865488,0.063811963
585,0.015745507,0.000533226,0.013629937,0.003160423,0.024769751,0.055381766,0.126301014,0.057743251,0.11237865,0.063944679
586,0.01579776,0.000508338,0.013291445,0.003162197,0.0247946,0.05494787,0.1250243,0.057829992,0.111858436,0.064063142
587,0.015805557,0.000485045,0.012959192,0.003163147,0.024812764,0.054496229,0.123743597,0.057906697,0.111312092,0.064169211
588,0.015808789,0.000463192,0.012632919,0.003163234,0.024823923,0.05402659,0.122458068,0.057972891,0.110738963,0.064262281
589,0.015806042,0.000442427,0.012308466,0.003162123,0.02482601,0.053531594,0.121150359,0.058024475,0.11012852,0.064338484
590,0.015798903,0.000422336,0.011979611,0.003159255,0.024815613,0.052999033,0.119792509,0.058054587,0.109463294,0.06439143
591,0.015786307,0.000402554,0.011639881,0.003153947,0.024788628,0.052414937,0.118352689,0.058054812,0.108722992,0.064413406
592,0.01576768,0.000382819,0.011283821,0.003145477,0.024740712,0.051765672,0.116800247,0.058016159,0.107887287,0.064396209
593,0.015744708,0.000363022,0.010908388,0.003133211,0.024668018,0.051040854,0.115112253,0.057930589,0.106939851,0.064332495
594,0.01571162,0.000343241,0.010514444,0.00311679,0.024568232,0.050237005,0.113281811,0.057793243,0.1058736,0.064217706
595,0.015664837,0.000323732,0.010107365,0.00309628,0.024441489,0.049360246,0.111323648,0.05760436,0.104694822,0.064051792
596,0.015599941,0.000304859,0.009696022,0.003072208,0.024290592,0.048426025,0.109272799,0.057369754,0.103423296,0.063839681
597,0.015478525,0.000286993,0.009290637,0.003045437,0.024120686,0.047456703,0.10717676,0.05709952,0.102089425,0.063590722
598,0.01538949,0.000270453,0.008902437,0.003017269,0.023938756,0.046478804,0.105097038,0.056809467,0.100730769,0.063317834
599,0.015248812,0.000255478,0.008540364,0.002989018,0.023753104,0.045520628,0.1030902,0.056515901,0.099388862,0.063036599
600,0.015152346,0.000242211,0.008210923,0.002961961,0.023572545,0.044609377,0.101205852,0.056235102,0.098105052,0.062763781
601,0.015031743,0.000230705,0.007918865,0.002937368,0.023405479,0.043768429,0.099488515,0.055983668,0.096916244,0.062515575
602,0.01496864,0.000220929,0.007667576,0.002916457,0.023259122,0.043015549,0.097977196,0.055777893,0.095851801,0.062306089
603,0.014886105,0.000212793,0.00745867,0.002900233,0.023138939,0.042362021,0.096700173,0.055631522,0.094931709,0.062146195
604,0.014829647,0.000206162,0.007291087,0.002889261,0.023048261,0.041812327,0.095667139,0.055552615,0.094165593,0.062042691
605,0.014798561,0.000200868,0.007160954,0.00288356,0.022988092,0.041364326,0.094866571,0.055542047,0.093552591,0.061997858
606,0.014781936,0.000196717,0.007064139,0.002882932,0.022957079,0.041009712,0.094280554,0.055597572,0.09308179,0.062009334
607,0.014773873,0.000193499,0.006995091,0.002886794,0.022951762,0.040735076,0.09387823,0.055711698,0.092733785,0.06207058
608,0.014777922,0.000190995,0.006947801,0.002894338,0.022967057,0.040523436,0.093622538,0.055873833,0.092483058,0.062171828
609,0.01478437,0.000188986,0.006915757,0.002904544,0.022996784,0.040355716,0.093470793,0.056070526,0.092300391,0.062301122
610,0.014793659,0.000187262,0.006892422,0.002916289,0.023034272,0.040212372,0.093378777,0.056287018,0.092155521,0.062445533
611,0.014765539,0.000185636,0.006871834,0.002928483,0.023073017,0.040075092,0.093305517,0.056509068,0.092019885,0.062592447
612,0.014776649,0.00018396,0.006849426,0.002940245,0.023107674,0.03992935,0.093219319,0.056725274,0.09187071,0.062731507
613,0.014746937,0.000182147,0.006822372,0.002950996,0.023134648,0.039765822,0.093100315,0.056928157,0.091693257,0.062855749
614,0.014756107,0.000180156,0.006789379,0.002960427,0.023152123,0.039580255,0.092939142,0.057113855,0.091480673,0.062961653
615,0.014724293,0.000177991,0.006750448,0.00296848,0.023159929,0.039372868,0.092735345,0.057281724,0.091233097,0.063048879
616,0.014689969,0.000175695,0.006706708,0.002975331,0.023159054,0.039146892,0.092496316,0.057434065,0.090955411,0.063119323
617,0.014689851,0.000173326,0.006659861,0.002981292,0.023151152,0.03890714,0.092233573,0.057574885,0.090655028,0.063176164
618,0.014642316,0.000170935,0.006611253,0.002986615,0.023137852,0.038658196,0.091956343,0.057707436,0.090339065,0.063222544
619,0.014592846,0.000168539,0.00656204,0.00299153,0.023120172,0.038402919,0.091672816,0.057834753,0.090011957,0.063260422
620,0.014542661,0.000166141,0.006513032,0.002996205,0.023098478,0.038142439,0.091388873,0.057959091,0.089675432,0.063290504
621,0.0145315,0.000163737,0.006464195,0.003000628,0.023072236,0.037875646,0.091104215,0.058080284,0.089327608,0.063311722
622,0.014480107,0.000161329,0.00641501,0.003004678,0.023040678,0.037600899,0.090814939,0.058196719,0.088965731,0.063322551
623,0.014428939,0.000158921,0.006365141,0.003008268,0.023003484,0.037317693,0.090518477,0.05830729,0.08858885,0.063322334
624,0.014417768,0.000156536,0.006314659,0.00301141,0.02296062,0.037026232,0.09021513,0.058412027,0.088197133,0.063310954
625,0.014366422,0.000154194,0.006264072,0.003014212,0.022912165,0.036727008,0.089908431,0.058512271,0.087791209,0.06328852
626,0.014353632,0.000151893,0.006213731,0.003016766,0.022858391,0.036420924,0.089600611,0.058608869,0.08737231,0.063255442
627,0.014340307,0.000149627,0.006163977,0.003019075,0.022799891,0.036109537,0.089297757,0.058704777,0.086943541,0.063213439
628,0.014326715,0.000147403,0.006115921,0.003021615,0.022737103,0.035794139,0.089000197,0.058799262,0.086505227,0.063161876
629,0.014313121,0.000145231,0.006069155,0.003024162,0.02266989,0.035474513,0.088710804,0.058894283,0.086058089,0.063101476
630,0.014298788,0.000143121,0.006022439,0.003026108,0.0225978,0.035149662,0.08843344,0.058993046,0.085603062,0.063033647
631,0.014322166,0.000141049,0.005974725,0.003027027,0.022519956,0.034817812,0.088166678,0.059095679,0.08513839,0.062957781
632,0.014304388,0.00013898,0.0059257,0.003026964,0.022435088,0.034476535,0.087901443,0.059197485,0.084658513,0.062870146
633,0.014287708,0.00013689,0.005875592,0.003026253,0.022341894,0.034123476,0.087625885,0.059291751,0.084156553,0.062765725
634,0.014311214,0.000134757,0.005824319,0.003024977,0.022239454,0.033757135,0.087333194,0.059374647,0.083628495,0.062641537
635,0.014294061,0.000132577,0.005770986,0.003022684,0.022127312,0.033376955,0.08702435,0.059447176,0.08307469,0.062497984
636,0.014317006,0.000130372,0.005715711,0.00301945,0.022005214,0.032982914,0.086696191,0.059507321,0.082494003,0.062333791
637,0.014299016,0.000128238,0.005658636,0.003015296,0.02187355,0.032576261,0.086349472,0.059555226,0.081888219,0.062149625
638,0.014320171,0.00012611,0.005600414,0.003010381,0.02173317,0.032159156,0.085989119,0.059593001,0.08126061,0.061946988
639,0.014292772,0.000124083,0.005541126,0.003004719,0.021584536,0.03173291,0.085615123,0.059620412,0.08061304,0.061726617
640,0.014259669,0.000122327,0.005480437,0.002998213,0.021427784,0.031298125,0.085223883,0.059635499,0.079946188,0.061488601
641,0.014223453,0.000120941,0.005418364,0.002990862,0.021263459,0.030856159,0.08481478,0.059637733,0.079262064,0.061233849
642,0.014186315,0.000119851,0.005355479,0.002982809,0.021092679,0.030409433,0.084392403,0.059629136,0.078564587,0.060964443
643,0.014150644,0.000118879,0.005292461,0.002974223,0.020916596,0.029960338,0.083962777,0.059612498,0.077857718,0.060682573
644,0.014074784,0.000117929,0.005229538,0.00296515,0.020735895,0.029510271,0.083528078,0.05958879,0.077143759,0.060389511
645,0.013998831,0.000117063,0.005166363,0.00295548,0.020550822,0.029059736,0.083085293,0.059556421,0.076423482,0.060085646
646,0.013922171,0.000116175,0.005102599,0.002945074,0.020361523,0.028608859,0.082632483,0.059514542,0.07569705,0.059771212
647,0.013844701,0.000115099,0.005036727,0.002933296,0.020164986,0.028153418,0.082152542,0.059452097,0.074956427,0.059439635
648,0.013765123,0.000113942,0.004969084,0.002920369,0.019965223,0.027697839,0.081657967,0.059380065,0.074209996,0.059099566
649,0.013636168,0.000112483,0.004897195,0.002905228,0.019756602,0.027234257,0.081119067,0.059278941,0.073442748,0.058738746
650,0.013499368,0.000110359,0.004817497,0.002886243,0.019528976,0.026749372,0.080486778,0.059114406,0.072628932,0.058334875
651,0.013355332,0.000107399,0.004728289,0.002862523,0.019277428,0.026237004,0.07973543,0.058867904,0.071755814,0.057876673
652,0.013203308,0.000103786,0.004630983,0.002834525,0.01900672,0.025703774,0.078881842,0.05855058,0.070834745,0.057373688
653,0.013045396,9.99E-05,0.004529116,0.002803642,0.018727245,0.025163901,0.077970221,0.058192177,0.069891727,0.056847745
654,0.012849999,9.60E-05,0.004425307,0.002770873,0.018445833,0.024627478,0.077029029,0.057810393,0.068945414,0.056313181
655,0.012652588,9.20E-05,0.004320024,0.002736271,0.018161174,0.024094499,0.07605239,0.057397352,0.067995734,0.055766884
656,0.012487273,8.81E-05,0.004216417,0.002701157,0.017880225,0.023575397,0.075073687,0.056973223,0.067062848,0.05522385
657,0.012257406,8.44E-05,0.004116518,0.002666447,0.017607359,0.023076964,0.074112624,0.056549225,0.066160603,0.054693811
658,0.012067456,8.10E-05,0.004022569,0.002633191,0.017346904,0.022605529,0.073194554,0.056140756,0.065302441,0.054186701
659,0.011853034,7.79E-05,0.003937017,0.00260267,0.01710245,0.022166004,0.072348039,0.055765938,0.064499428,0.053711068
660,0.011647083,7.55E-05,0.003859295,0.002574843,0.016876665,0.02176169,0.071568827,0.055423381,0.0637597,0.053273589
661,0.011426888,7.38E-05,0.003788181,0.002549334,0.01667105,0.021393996,0.070845948,0.055107622,0.063087698,0.052878422
662,0.011226357,7.27E-05,0.003723267,0.002526087,0.016486075,0.021062731,0.070178645,0.054819388,0.062484618,0.05252743
663,0.011012538,7.20E-05,0.003665369,0.002505576,0.016321423,0.020766559,0.069580131,0.054567842,0.061949182,0.05222065
664,0.010835968,7.14E-05,0.003615239,0.002488251,0.016176086,0.020503176,0.06906207,0.054361164,0.061477942,0.051956464
665,0.010618007,7.10E-05,0.003571566,0.002473637,0.016048575,0.020269647,0.068611731,0.054192559,0.061065931,0.051732033
666,0.010435776,7.07E-05,0.003532235,0.002460791,0.015937013,0.020062572,0.068207509,0.054049395,0.060706989,0.051543525
667,0.010258028,7.04E-05,0.003497123,0.002449706,0.015839317,0.019878356,0.067849762,0.053932478,0.060394329,0.051386524
668,0.010084621,7.01E-05,0.003463771,0.002439197,0.01575347,0.019713593,0.067510094,0.053824016,0.060121355,0.05125663
669,0.009892357,6.97E-05,0.003432111,0.002429256,0.015677632,0.01956524,0.067188827,0.053724568,0.059882062,0.051149783
670,0.009750294,6.92E-05,0.003403288,0.002420485,0.015610298,0.019430818,0.066901085,0.053644258,0.059671536,0.05106264
671,0.00961159,6.83E-05,0.003377583,0.002413052,0.015550231,0.019308306,0.066650991,0.053586064,0.059485717,0.050992427
672,0.009497609,6.72E-05,0.003353417,0.00240615,0.015495439,0.01919492,0.066418866,0.053536876,0.059319373,0.050935034
673,0.009406287,6.59E-05,0.003329607,0.00239939,0.015453121,0.019098977,0.066193381,0.053493054,0.059186939,0.050904159
674,0.009336479,6.47E-05,0.003303072,0.002390708,0.015404672,0.01899826,0.065927853,0.053415106,0.059049827,0.050864336
675,0.009287057,6.34E-05,0.003276949,0.002382051,0.015363904,0.018909211,0.065666313,0.053338097,0.058937061,0.05084225
676,0.009276007,6.21E-05,0.003254628,0.002375966,0.015361306,0.018867979,0.065463463,0.053312282,0.058911999,0.050896385
677,0.0092822,6.09E-05,0.003238448,0.002374085,0.015411949,0.018892239,0.065354537,0.053368087,0.059005657,0.051055591
678,0.009329667,5.97E-05,0.003225568,0.002374538,0.015500823,0.018963819,0.065298286,0.053471208,0.059186234,0.051290975
679,0.00937709,5.86E-05,0.003212636,0.002374858,0.015597261,0.01904594,0.065239984,0.053571642,0.059389144,0.051543507
680,0.009467921,5.76E-05,0.003199189,0.002374534,0.015687348,0.019121858,0.065167643,0.053655601,0.059584695,0.051786219
681,0.009559398,5.69E-05,0.003187992,0.002375501,0.015789201,0.019212915,0.065123528,0.053759877,0.059809634,0.052053402
682,0.009674182,5.63E-05,0.003177116,0.002376525,0.015894532,0.019309005,0.065080735,0.053862938,0.060045786,0.052328787
683,0.0098139,5.58E-05,0.003165373,0.002376945,0.016004617,0.019411621,0.065025345,0.053955707,0.06029572,0.052614784
684,0.009930278,5.52E-05,0.003151289,0.002375887,0.016116655,0.019516789,0.06493861,0.054024913,0.060550837,0.052904797
685,0.010071969,5.47E-05,0.003137231,0.002374711,0.016234643,0.019630068,0.06485051,0.054091361,0.060822989,0.053208061
686,0.010189267,5.42E-05,0.003122547,0.002373025,0.01635724,0.01974954,0.06475315,0.054149456,0.061108012,0.053521404
687,0.010305323,5.36E-05,0.003105382,0.002369704,0.016478535,0.019866908,0.064622453,0.054181871,0.061388135,0.053831071
688,0.010420226,5.30E-05,0.003085298,0.002364467,0.016595315,0.019977687,0.064452497,0.054184167,0.061653771,0.054129612
689,0.010532103,5.23E-05,0.003063363,0.002357929,0.016710688,0.020086222,0.064256768,0.054165731,0.061914206,0.054424233
690,0.010614159,5.17E-05,0.003040455,0.002350581,0.016827984,0.020197188,0.064046166,0.054134016,0.062179457,0.054722686
691,0.010692412,5.10E-05,0.003015811,0.002341925,0.016944252,0.020306531,0.063809969,0.054080905,0.062440981,0.055018242
692,0.010736862,5.02E-05,0.002986432,0.002330118,0.017048125,0.02039849,0.063508095,0.05397724,0.062665287,0.055284739
693,0.010775713,4.94E-05,0.002952319,0.002315074,0.017135562,0.020467667,0.063139084,0.053821089,0.062841189,0.05551318
694,0.01080559,4.85E-05,0.002913666,0.00229682,0.017203832,0.020510545,0.062703764,0.053612126,0.062961469,0.055697584
695,0.010796488,4.75E-05,0.002870826,0.002275502,0.01725313,0.020527658,0.062205137,0.053351797,0.063027375,0.055838595
696,0.0107774,4.65E-05,0.002825081,0.002251869,0.017285943,0.020522652,0.061659002,0.053051112,0.06304663,0.055942002
697,0.010748872,4.55E-05,0.002777742,0.002226706,0.017306476,0.020501502,0.061081857,0.05272177,0.06303183,0.056017465
698,0.010682953,4.46E-05,0.002730196,0.002200898,0.017317687,0.020468401,0.060492628,0.052377788,0.062991786,0.056071756
699,0.01063958,4.36E-05,0.002682537,0.002174502,0.017319737,0.020423696,0.05989234,0.052019813,0.062927172,0.056105247
700,0.010562067,4.27E-05,0.002634411,0.002147278,0.017312519,0.020367382,0.059275532,0.051643547,0.062837895,0.056117688
701,0.010446215,4.18E-05,0.002585654,0.002119119,0.017295455,0.020298785,0.058639634,0.051246983,0.062722482,0.05610777
702,0.010326487,4.09E-05,0.002534449,0.002088753,0.017256839,0.020202596,0.057955972,0.050807462,0.062548022,0.056048606
703,0.010204003,4.00E-05,0.002480486,0.002055931,0.017190672,0.020071156,0.057218295,0.050319638,0.062297814,0.0559263
704,0.010071639,3.90E-05,0.002423461,0.002020385,0.017091901,0.019898269,0.056419611,0.04977732,0.06195793,0.055728926
705,0.009933296,3.80E-05,0.002362132,0.001981157,0.016952889,0.019674629,0.055537297,0.049161657,0.061507056,0.05543815
706,0.009781995,3.69E-05,0.002296134,0.001937871,0.016767655,0.01939333,0.054560884,0.048462913,0.060928279,0.055038904
707,0.009611553,3.57E-05,0.002226116,0.001890909,0.016537756,0.019057201,0.053497582,0.047685823,0.060225729,0.054533461
708,0.009425849,3.45E-05,0.002152684,0.001840612,0.016263424,0.018667606,0.052351901,0.046832625,0.059399255,0.053920196
709,0.009220852,3.32E-05,0.002076609,0.001787422,0.015946746,0.018228445,0.051130962,0.045907439,0.058453389,0.053201103
710,0.009000562,3.18E-05,0.001997652,0.001731116,0.01558634,0.017738794,0.049828122,0.044904052,0.057382595,0.052370295
711,0.008772193,3.02E-05,0.001917605,0.001672995,0.015193003,0.017213145,0.048471489,0.043844679,0.056215384,0.05145037
712,0.008365279,2.86E-05,0.001838094,0.001614254,0.014774395,0.0166624,0.047084611,0.042747402,0.054973775,0.050457828
713,0.008135765,2.70E-05,0.001759914,0.001555596,0.014340503,0.016098274,0.045684818,0.041628047,0.053678286,0.049411079
714,0.00790545,2.55E-05,0.001682528,0.00149662,0.013885439,0.015514561,0.044258308,0.040474009,0.052314442,0.04829587
715,0.007666804,2.40E-05,0.001606529,0.001437753,0.013407998,0.014911764,0.042809334,0.039286523,0.050885995,0.047111969
716,0.007416521,2.26E-05,0.001533239,0.001380103,0.012916733,0.014300905,0.041362608,0.038086171,0.049420136,0.045881557
717,0.00719132,2.13E-05,0.001464469,0.001325299,0.012432343,0.013705679,0.039963061,0.036913767,0.04797115,0.044653688
718,0.006960144,2.01E-05,0.00140119,0.001274334,0.011973047,0.013145818,0.038643761,0.035801291,0.046582486,0.043469672
719,0.006715756,1.90E-05,0.001343371,0.001227347,0.011544979,0.012627242,0.037413251,0.034758485,0.045269534,0.042345148
720,0.006489149,1.81E-05,0.001289839,0.001183448,0.011137281,0.012137112,0.036247652,0.033764655,0.044008268,0.04125857
721,0.006270293,1.74E-05,0.00123981,0.001142078,0.010747679,0.011671925,0.035134843,0.032810597,0.042789375,0.040203006
722,0.006046673,1.67E-05,0.001192088,0.00110228,0.010368091,0.011221906,0.034050656,0.031875592,0.041588251,0.039156984
723,0.005834334,1.61E-05,0.001145256,0.001062876,0.009988407,0.010775135,0.032964129,0.030932527,0.040372,0.038091286
724,0.005633093,1.55E-05,0.001098202,0.001022925,0.009600468,0.010322171,0.031849187,0.029958216,0.039112723,0.036980776
725,0.005432675,1.48E-05,0.001050354,0.000981922,0.009199917,0.009858185,0.030689701,0.028937879,0.037793228,0.035809482
726,0.005229171,1.42E-05,0.001001521,0.000939692,0.008785651,0.009382071,0.029479412,0.027865517,0.036406814,0.034570851
727,0.005002202,1.35E-05,0.000952043,0.000896522,0.008360924,0.008897704,0.028224848,0.026746541,0.034960964,0.033271105
728,0.004769734,1.29E-05,0.00090264,0.000853047,0.007932384,0.008412623,0.026943624,0.025596632,0.033475851,0.031928283
729,0.004567214,1.22E-05,0.000854304,0.000810168,0.007509251,0.00793705,0.025662556,0.024440176,0.031982363,0.030570603
730,0.004297429,1.16E-05,0.000808079,0.000768853,0.007101348,0.007481639,0.024412048,0.023305277,0.030515962,0.029230964
731,0.004075015,1.10E-05,0.000764871,0.000729972,0.006717456,0.007055649,0.023221077,0.022219211,0.029111137,0.027941892
732,0.003872871,1.05E-05,0.000725474,0.000694305,0.006365384,0.006667118,0.022116985,0.021208107,0.02780108,0.026735105
733,0.003672254,9.98E-06,0.000690302,0.000662298,0.00604958,0.00632028,0.021117463,0.020289464,0.026608254,0.025632681
734,0.003482169,9.56E-06,0.000659604,0.000634238,0.005772855,0.00601761,0.020235226,0.019476212,0.025549374,0.024651408
735,0.003359671,9.21E-06,0.000633393,0.000610197,0.005535776,0.00575915,0.019475844,0.018774677,0.024632798,0.023800323
736,0.003256826,8.91E-06,0.000611597,0.000590157,0.005338027,0.005544076,0.018841535,0.018187938,0.023862758,0.02308448
737,0.003170938,8.67E-06,0.000594004,0.000573961,0.005177958,0.005370214,0.018329557,0.017714292,0.023237342,0.022503019
738,0.003096234,8.48E-06,0.000580267,0.000561316,0.005052505,0.005233955,0.017931822,0.017346856,0.022747907,0.022048567
739,0.003037187,8.33E-06,0.00056993,0.000551819,0.00495774,0.005130856,0.017636668,0.017075214,0.022381281,0.021709293
740,0.002999946,8.18E-06,0.000562436,0.000544967,0.004888904,0.005055661,0.017428932,0.016885472,0.022119837,0.021468963
741,0.002970415,8.03E-06,0.000557209,0.000540228,0.004840916,0.005002837,0.01729188,0.016762116,0.021943826,0.021309179
742,0.002952893,7.87E-06,0.000553661,0.000537058,0.004808446,0.004966631,0.017207575,0.016688386,0.02183187,0.021209885
743,0.002935304,7.71E-06,0.00055128,0.000534981,0.004786724,0.004941921,0.017159732,0.016648996,0.021764459,0.021152692
744,0.002917566,7.56E-06,0.000549564,0.000533524,0.004771131,0.004923772,0.017132413,0.016628923,0.021722513,0.021119551
745,0.002916234,7.41E-06,0.000548084,0.000532287,0.004757922,0.004908191,0.01711258,0.016615847,0.021690473,0.021095713
746,0.002901384,7.26E-06,0.00054661,0.000531051,0.004744955,0.004892902,0.017092773,0.01660271,0.021659407,0.021072696
747,0.00289451,7.12E-06,0.000545146,0.000529823,0.004732217,0.00487789,0.017072982,0.016589503,0.021629244,0.021050437
748,0.002882467,6.97E-06,0.000543669,0.000528578,0.00471956,0.004862995,0.017052605,0.016575654,0.021599361,0.021028342
749,0.002871781,6.84E-06,0.000542162,0.000527303,0.004706723,0.004847945,0.017030791,0.016560353,0.021568633,0.021005341
750,0.002862977,6.74E-06,0.000540646,0.000526016,0.004693669,0.004832694,0.017007537,0.016543598,0.021536847,0.020981231
751,0.002848162,6.69E-06,0.000539226,0.000524819,0.004681237,0.004818132,0.016985901,0.016528299,0.021507533,0.020959385
752,0.002843526,6.67E-06,0.000537909,0.000523717,0.004669591,0.004804432,0.016966437,0.016514983,0.021481398,0.020940476
753,0.002824646,6.66E-06,0.00053672,0.000522734,0.004659158,0.004792039,0.016950577,0.016505023,0.0214603,0.02092629
754,0.002821617,6.65E-06,0.000535655,0.000521865,0.004650003,0.004781022,0.016938563,0.016498657,0.021444574,0.020917159
755,0.002805678,6.65E-06,0.000534734,0.000521131,0.004642222,0.004771478,0.016930854,0.016496327,0.021434624,0.020913473
756,0.002798381,6.65E-06,0.000533896,0.000520473,0.004635312,0.004762875,0.016925695,0.016496366,0.021428353,0.020913235
757,0.002795371,6.65E-06,0.00053317,0.00051992,0.004629535,0.004755486,0.016924062,0.016499713,0.02142689,0.020917535
758,0.002792363,6.65E-06,0.0005326,0.000519513,0.004625268,0.004749705,0.016927339,0.016507698,0.021431851,0.020927929
759,0.002789357,6.66E-06,0.000532192,0.000519258,0.004622575,0.004745598,0.016935798,0.016520584,0.021443516,0.020944692
760,0.002784808,6.66E-06,0.00053181,0.000519026,0.004620213,0.004741855,0.016945082,0.016534213,0.021456622,0.020962785
761,0.002766438,6.66E-06,0.000531461,0.000518825,0.004618213,0.004738509,0.016955417,0.016548805,0.021471303,0.020982343
762,0.00276345,6.67E-06,0.000531285,0.000518786,0.004617818,0.004736861,0.016971188,0.01656856,0.021492846,0.021008443
763,0.002760464,6.68E-06,0.000531342,0.000518969,0.004619618,0.004737531,0.01699442,0.016595423,0.02152377,0.021043509
764,0.00275748,6.69E-06,0.000531587,0.000519329,0.004623199,0.004740079,0.01702366,0.016628015,0.021562332,0.021085881
765,0.002754499,6.71E-06,0.000531958,0.000519809,0.004627974,0.004743887,0.017056961,0.016664475,0.021606037,0.021133169
766,0.002755707,6.72E-06,0.000532423,0.000520378,0.004633599,0.004748595,0.017093301,0.016703827,0.021653434,0.021183983
767,0.002765374,6.73E-06,0.000533044,0.000521095,0.004640677,0.004754832,0.017134927,0.016748234,0.02170711,0.021240818
768,0.002762386,6.75E-06,0.00053386,0.000521999,0.004649495,0.004762895,0.017182849,0.016798668,0.021768281,0.021304848
769,0.002759398,6.76E-06,0.000534871,0.000523086,0.004660122,0.004772857,0.017237426,0.016855484,0.02183728,0.021376402
770,0.002756413,6.73E-06,0.000536026,0.000524312,0.004672276,0.004784422,0.017297758,0.016917821,0.021912953,0.021454374
771,0.002761886,6.66E-06,0.00053723,0.000525583,0.004685149,0.004796739,0.017361066,0.016983017,0.021991872,0.021535472
772,0.002773104,6.56E-06,0.000538504,0.00052692,0.004698858,0.004809933,0.017427778,0.017051485,0.022074521,0.021620165
773,0.00278157,6.45E-06,0.000539878,0.000528352,0.004713462,0.004824064,0.017498203,0.017123526,0.022161103,0.02170865
774,0.002778567,6.34E-06,0.000541457,0.000529981,0.004729831,0.004840038,0.017575377,0.017202064,0.022255285,0.021804466
775,0.002789986,6.22E-06,0.000543256,0.000531821,0.004748201,0.004858102,0.01766004,0.017287817,0.02235807,0.021908586
776,0.002789878,6.11E-06,0.000545226,0.000533823,0.004768061,0.004877719,0.017750326,0.017378995,0.022467252,0.02201889
777,0.002795588,6.00E-06,0.000547287,0.000535915,0.004788623,0.004898066,0.017843514,0.017472983,0.022579449,0.022132118
778,0.002807226,5.89E-06,0.000549492,0.000538144,0.004810373,0.004919649,0.017941472,0.017571582,0.022696725,0.022250267
779,0.002818994,5.80E-06,0.000552031,0.000540695,0.004834957,0.004944185,0.018050042,0.017680425,0.022826019,0.022380037
780,0.002830893,5.74E-06,0.000555048,0.000543706,0.004863535,0.004972881,0.018173185,0.017803334,0.022972172,0.022526108
781,0.002855782,5.73E-06,0.000558459,0.000547095,0.004895222,0.005004813,0.018307783,0.017937316,0.023131362,0.022684801
782,0.00287199,5.76E-06,0.000562243,0.000550846,0.004929949,0.005039905,0.018453581,0.018082131,0.023303259,0.022855804
783,0.002884448,5.81E-06,0.000566289,0.000554848,0.004966848,0.005077252,0.018607536,0.018234851,0.023484187,0.023035574
784,0.002897048,5.85E-06,0.000570586,0.000559093,0.005005948,0.005116884,0.018769753,0.018395582,0.023674266,0.023224231
785,0.002911138,5.91E-06,0.000575099,0.000563546,0.005046852,0.005158384,0.018938788,0.018562934,0.023871753,0.023420094
786,0.002937715,5.96E-06,0.00057979,0.000568171,0.005089263,0.005201444,0.019113584,0.018735893,0.024075382,0.023621943
787,0.002966875,6.02E-06,0.000584624,0.000572935,0.005132878,0.005245746,0.019293043,0.018913399,0.024283848,0.02382852
788,0.002987087,6.08E-06,0.000589583,0.00057782,0.005177542,0.005291129,0.019476587,0.019094898,0.024496475,0.024039171
789,0.003006559,6.14E-06,0.000594665,0.000582825,0.005223234,0.005337571,0.019664101,0.019280279,0.024713133,0.024253775
790,0.003033684,6.20E-06,0.000599857,0.000587937,0.005269854,0.005384966,0.019855194,0.019469168,0.024933391,0.024471913
791,0.003047921,6.26E-06,0.000605042,0.000593042,0.005316298,0.005432166,0.02004598,0.019657814,0.025152635,0.024689127
792,0.003075876,6.32E-06,0.000610159,0.000598084,0.00536201,0.00547859,0.020234482,0.019844308,0.025368555,0.02490318
793,0.00310596,6.38E-06,0.000615266,0.000603117,0.005407533,0.005524803,0.020422559,0.020030442,0.025583409,0.025116255
794,0.003131993,6.44E-06,0.000620526,0.0006083,0.0054544,0.005572403,0.020615499,0.020221326,0.025803525,0.025334474
795,0.003147214,6.51E-06,0.000625911,0.000613603,0.005502355,0.005621124,0.020812381,0.02041607,0.026027827,0.025556798
796,0.0031613,6.57E-06,0.000631175,0.000618791,0.005549121,0.005668593,0.021005284,0.020607023,0.026246947,0.025774159
797,0.003176725,6.62E-06,0.000636194,0.000623745,0.005593643,0.005713712,0.021190559,0.020790656,0.026456599,0.025982409
798,0.003202486,6.67E-06,0.000640881,0.000628381,0.005635037,0.005755563,0.021365144,0.020964008,0.02665323,0.026178101
799,0.003235457,6.71E-06,0.000645329,0.000632788,0.005674289,0.005795173,0.021532483,0.0211304,0.026840977,0.026365234
800,0.003269185,6.70E-06,0.00064955,0.000636977,0.005711757,0.005832917,0.021693854,0.021291064,0.027021404,0.026545319
801,0.003265775,6.62E-06,0.00065334,0.000640751,0.005745697,0.005866981,0.021843249,0.021440184,0.027187484,0.026711543
802,0.003275514,6.49E-06,0.000656646,0.000644059,0.005775515,0.00589675,0.021978598,0.021575751,0.027336854,0.026861605
803,0.00329106,6.35E-06,0.000659565,0.000646996,0.00580189,0.005922932,0.022102192,0.021699974,0.027472269,0.026998168
804,0.003304873,6.19E-06,0.000662077,0.000649541,0.005824499,0.005945192,0.022212879,0.021811729,0.027592424,0.027119958
805,0.003301434,6.02E-06,0.000664073,0.000651589,0.005842433,0.005962593,0.022307538,0.021907981,0.0276937,0.027223449
806,0.003297997,5.85E-06,0.000665313,0.000652909,0.00585337,0.005972724,0.022378122,0.02198093,0.027766681,0.027299498
807,0.003304179,5.67E-06,0.00066574,0.000653446,0.005856719,0.005974977,0.022422527,0.022028515,0.027808946,0.027345734
808,0.003312369,5.49E-06,0.000665473,0.000653313,0.005853645,0.005970572,0.022444724,0.022054559,0.027825204,0.027366697
809,0.003289626,5.31E-06,0.000664559,0.000652555,0.005844472,0.005959852,0.022445728,0.022060027,0.027816675,0.02736355
810,0.003284278,5.17E-06,0.0006629,0.000651077,0.005828082,0.005941666,0.022421545,0.02204102,0.027778686,0.027331729
811,0.003269422,5.08E-06,0.000660371,0.000648757,0.005803236,0.005914737,0.022367711,0.02199318,0.027706011,0.027266124
812,0.003247124,5.01E-06,0.00065694,0.000645564,0.005769735,0.005878874,0.022283385,0.021915661,0.027597664,0.027165741
813,0.003225065,4.95E-06,0.000652679,0.000641565,0.005728447,0.00583499,0.022171392,0.021811163,0.027456943,0.027033746
814,0.003203255,4.89E-06,0.000647878,0.000637038,0.005682176,0.005786,0.022041338,0.021688985,0.027295105,0.02688105
815,0.003170851,4.84E-06,0.000642844,0.000632281,0.005633682,0.005734767,0.021902763,0.021558378,0.027123334,0.026718517
816,0.00313369,4.79E-06,0.000637682,0.000627394,0.005584027,0.005682391,0.021759348,0.021422912,0.026945935,0.026550329
817,0.003095549,4.74E-06,0.000632272,0.000622261,0.005532098,0.005627725,0.021607093,0.021278686,0.026758193,0.026371883
818,0.003058232,4.68E-06,0.000626313,0.00061659,0.005475135,0.005567921,0.021436123,0.021116084,0.026548477,0.026171837
819,0.003023336,4.61E-06,0.000619474,0.000610059,0.005410094,0.005499847,0.021235404,0.020924338,0.026303767,0.02593747
820,0.002979461,4.53E-06,0.000611441,0.000602362,0.005334066,0.005420519,0.020994103,0.020692852,0.026011232,0.025656218
821,0.002913405,4.44E-06,0.000601724,0.000593019,0.005242535,0.005325307,0.020695358,0.020405126,0.025650871,0.025308489
822,0.002854254,4.34E-06,0.000589873,0.000581592,0.005131386,0.005210006,0.02032334,0.020045631,0.025203793,0.024875738
823,0.002786282,4.22E-06,0.000575424,0.000567622,0.004996399,0.005070329,0.019861069,0.019597652,0.024649514,0.024337787
824,0.00270823,4.07E-06,0.000558331,0.000551058,0.004837243,0.004906001,0.019305229,0.019057771,0.023983507,0.023690012
825,0.00262083,3.92E-06,0.000539076,0.000532362,0.00465845,0.004721744,0.018670277,0.018439927,0.023222201,0.022948275
826,0.002501795,3.75E-06,0.000518483,0.000512335,0.004467715,0.004525508,0.017982889,0.017770047,0.022396609,0.022142757
827,0.002393407,3.59E-06,0.000497319,0.000491717,0.004272161,0.004324628,0.01726848,0.017072896,0.021536463,0.021302464
828,0.00229091,3.43E-06,0.000476188,0.000471103,0.004077427,0.00412488,0.016548045,0.016369007,0.020666583,0.020451689
829,0.002176621,3.27E-06,0.000455754,0.000451142,0.003889614,0.003932482,0.015845527,0.01568189,0.019815715,0.019618676
830,0.00207276,3.13E-06,0.000436804,0.000432609,0.00371587,0.003754701,0.015189712,0.015039872,0.019018733,0.018837761
831,0.001981064,3.00E-06,0.000419794,0.000415959,0.003560278,0.003595649,0.014598355,0.014460527,0.018297591,0.01813067
832,0.001902315,2.88E-06,0.000404978,0.000401444,0.003424996,0.003457466,0.014082,0.013954383,0.017665705,0.017510782
833,0.001839125,2.78E-06,0.000392398,0.000389114,0.003310263,0.003340339,0.013643544,0.013524452,0.017127256,0.016982392
834,0.001791517,2.70E-06,0.000381984,0.000378904,0.003215315,0.003243442,0.013281528,0.013169438,0.016681012,0.016544445
835,0.00175261,2.63E-06,0.00037351,0.000370595,0.003137994,0.003164544,0.012988542,0.012882163,0.016318386,0.016188613
836,0.001718878,2.57E-06,0.000366671,0.000363891,0.003075482,0.003100749,0.012754157,0.012652446,0.016026975,0.015902778
837,0.001690865,2.52E-06,0.000361183,0.000358513,0.003025165,0.003049381,0.012568407,0.012470533,0.015794808,0.015675213
838,0.001666603,2.48E-06,0.000356756,0.000354179,0.002984414,0.003007756,0.012421005,0.012326329,0.015609433,0.015493689
839,0.001645829,2.44E-06,0.000353073,0.000350575,0.00295035,0.002972941,0.012300454,0.01220853,0.015456867,0.015344448
840,0.001629747,2.41E-06,0.000349878,0.000347451,0.00292068,0.002942603,0.012197498,0.012108027,0.015325826,0.01521638
841,0.001611573,2.38E-06,0.000346982,0.000344619,0.002893702,0.002915011,0.012105225,0.012018013,0.01520787,0.015101166
842,0.001593413,2.35E-06,0.000344241,0.00034194,0.002868145,0.002888873,0.012018427,0.011933357,0.015096638,0.014992536
843,0.001578216,2.33E-06,0.000341542,0.0003393,0.002842982,0.002863147,0.011932869,0.011849879,0.014986948,0.014885375
844,0.001563273,2.30E-06,0.000338868,0.000336685,0.002818078,0.002837696,0.011847996,0.011767036,0.014878123,0.014779019
845,0.001548572,2.27E-06,0.000336248,0.000334121,0.002793685,0.002812775,0.011764878,0.011685884,0.014771472,0.014674761
846,0.001534107,2.25E-06,0.000333719,0.000331646,0.002770123,0.002788707,0.011684862,0.011607757,0.014668647,0.014574235
847,0.001520714,2.22E-06,0.000331303,0.000329282,0.002747595,0.002765698,0.011608834,0.011533532,0.014570732,0.014478518
848,0.001505081,2.20E-06,0.000329006,0.000327033,0.002726139,0.002743784,0.011536983,0.011463398,0.01447796,0.014387842
849,0.001488923,2.17E-06,0.000326862,0.000324935,0.002706056,0.002723269,0.011470613,0.01139865,0.014391931,0.014303792
850,0.001487247,2.15E-06,0.000324868,0.000322985,0.002687327,0.002704134,0.011409685,0.011339251,0.014312597,0.014226328
851,0.00148041,2.13E-06,0.000322943,0.000321102,0.002669225,0.002685641,0.011351141,0.011282181,0.014236213,0.014151748
852,0.001469771,2.11E-06,0.000321017,0.000319216,0.002651122,0.002667155,0.01129233,0.011224818,0.014159533,0.014076841
853,0.001452734,2.09E-06,0.000319028,0.000317269,0.002632501,0.002648152,0.011231038,0.011164976,0.014079848,0.013998928
854,0.001439635,2.06E-06,0.000316957,0.000315238,0.002613166,0.002628435,0.011166418,0.011101813,0.013996116,0.013916977
855,0.001426591,2.04E-06,0.000314814,0.000313136,0.002593232,0.002608119,0.011098931,0.011035785,0.013908903,0.013831547
856,0.001411391,2.02E-06,0.000312604,0.000310967,0.002572733,0.00258724,0.011028716,0.010967028,0.013818379,0.013742803
857,0.001401398,2.00E-06,0.000310357,0.00030876,0.002551932,0.002566064,0.010956884,0.010896642,0.013725904,0.013652093
858,0.001390972,1.97E-06,0.000308098,0.000306542,0.002531058,0.002544822,0.010884411,0.010825593,0.013632673,0.013560599
859,0.001378053,1.95E-06,0.000305827,0.00030431,0.002510108,0.002523511,0.010811282,0.010753865,0.013538666,0.013468304
860,0.001365321,1.93E-06,0.000303543,0.000302064,0.00248906,0.002502108,0.010737398,0.010681361,0.013443764,0.013375086
861,0.001353414,1.91E-06,0.000301243,0.000299802,0.002467909,0.002480609,0.010662739,0.010608061,0.01334794,0.01328092
862,0.001342617,1.89E-06,0.000298944,0.000297539,0.002446789,0.002459149,0.010587879,0.010534535,0.013251899,0.013186507
863,0.001329256,1.86E-06,0.000296659,0.00029529,0.002425819,0.002437847,0.01051334,0.010461298,0.013156279,0.013092478
864,0.001315826,1.84E-06,0.000294374,0.000293041,0.002404888,0.002416592,0.010438634,0.01038787,0.013060483,0.012998242
865,0.001302633,1.82E-06,0.000292068,0.000290769,0.00238379,0.002395175,0.010362867,0.010313364,0.012963415,0.012902713
866,0.00128968,1.80E-06,0.000289716,0.000288451,0.002362328,0.002373398,0.010285164,0.010236911,0.012864,0.012804825
867,0.001276948,1.78E-06,0.000287295,0.000286065,0.002340299,0.002351056,0.010204616,0.010157613,0.012761124,0.012703473
868,0.001264435,1.75E-06,0.000284779,0.000283583,0.002317482,0.002327926,0.01012023,0.010074481,0.012653567,0.012597445
869,0.001252145,1.73E-06,0.000282153,0.000280992,0.002293745,0.002303875,0.010031396,0.009986909,0.012540577,0.012485996
870,0.001237946,1.71E-06,0.000279424,0.000278297,0.00226915,0.002278966,0.009938362,0.009895144,0.012422458,0.012369423
871,0.001220933,1.68E-06,0.000276611,0.000275518,0.002243877,0.002253381,0.009841895,0.009799944,0.012300147,0.012248654
872,0.001206612,1.66E-06,0.000273773,0.000272714,0.002218423,0.002227621,0.009744198,0.009703493,0.012176345,0.012126372
873,0.001192831,1.64E-06,0.000270943,0.000269916,0.00219308,0.00220198,0.009646565,0.009607078,0.012052642,0.012004153
874,0.001179328,1.61E-06,0.000268104,0.000267109,0.002167707,0.002176316,0.009548366,0.009510071,0.011928263,0.011881227
875,0.001162802,1.59E-06,0.000265205,0.000264242,0.002141861,0.002150183,0.009447611,0.009410498,0.011800763,0.011755169
876,0.001147395,1.56E-06,0.000262231,0.0002613,0.002115417,0.002123455,0.009343724,0.009307787,0.011669432,0.011625273
877,0.001134807,1.54E-06,0.000259221,0.000258321,0.002088709,0.002096468,0.009238195,0.009203418,0.011536103,0.011493356
878,0.00111897,1.52E-06,0.000256209,0.000255339,0.002062037,0.002069525,0.00913237,0.009098724,0.011402422,0.011361057
879,0.001102955,1.49E-06,0.000253207,0.000252366,0.002035493,0.002042718,0.009026666,0.008994124,0.011268908,0.011228888
880,0.001087991,1.47E-06,0.000250237,0.000249424,0.002009271,0.002016241,0.00892197,0.008890497,0.011136649,0.011097934
881,0.00107278,1.45E-06,0.000247306,0.000246521,0.001983429,0.001990153,0.008818562,0.008788123,0.011005991,0.010968538
882,0.00105823,1.42E-06,0.000244412,0.000243653,0.001957949,0.001964437,0.008716365,0.008686925,0.010876839,0.010840608
883,0.001046151,1.40E-06,0.000241548,0.000240815,0.001932772,0.001939031,0.008615128,0.008586657,0.010748888,0.010713841
884,0.001032211,1.38E-06,0.00023873,0.000238021,0.001908027,0.001914067,0.008515454,0.008487918,0.010622879,0.010588976
885,0.001017228,1.36E-06,0.000235971,0.000235285,0.001883824,0.001889654,0.008417854,0.008391217,0.010499444,0.010466642
886,0.001003542,1.34E-06,0.000233272,0.00023261,0.001860181,0.001865809,0.008322432,0.008296659,0.01037871,0.010346965
887,0.000990561,1.32E-06,0.000230641,0.00023,0.001837149,0.001842583,0.00822944,0.008204496,0.010260991,0.010230261
888,0.000978249,1.30E-06,0.000228094,0.000227474,0.001814864,0.001820115,0.008139535,0.008115382,0.010147096,0.010117337
889,0.000966223,1.28E-06,0.000225634,0.000225033,0.001793348,0.001798424,0.008052829,0.00802943,0.010037166,0.010008332
890,0.000954455,1.26E-06,0.000223254,0.000222672,0.001772544,0.001777454,0.007969083,0.007946405,0.009930909,0.009902958
891,0.000942948,1.24E-06,0.000220946,0.000220383,0.001752384,0.001757134,0.007888004,0.007866014,0.009827963,0.009800858
892,0.000931693,1.23E-06,0.000218691,0.000218145,0.001732701,0.001737299,0.007808827,0.0077875,0.009727388,0.009701097
893,0.000920673,1.21E-06,0.000216471,0.000215942,0.001713338,0.001717788,0.007730836,0.00771015,0.0096283,0.009602797
894,0.000909896,1.19E-06,0.000214287,0.000213774,0.001694314,0.001698622,0.00765413,0.007634063,0.009530822,0.00950608
895,0.000899342,1.18E-06,0.000212154,0.000211656,0.001675741,0.001679913,0.007579243,0.007559772,0.009435616,0.009411607
896,0.000889005,1.16E-06,0.000210075,0.000209592,0.001657658,0.0016617,0.00750637,0.007487472,0.00934292,0.009319615
897,0.000878889,1.14E-06,0.000208021,0.000207552,0.001639803,0.001643719,0.007434286,0.007415943,0.009251224,0.009228603
898,0.000868973,1.13E-06,0.000205967,0.000205512,0.001621985,0.001625778,0.007362102,0.007344301,0.009159433,0.00913748
899,0.00085926,1.11E-06,0.000203906,0.000203466,0.001604142,0.001607814,0.007289527,0.007272258,0.009067188,0.009045889
900,0.000848897,1.10E-06,0.000201839,0.000201412,0.00158627,0.001589825,0.007216542,0.007199794,0.008974466,0.008953808
901,0.000838396,1.08E-06,0.000199764,0.000199351,0.001568371,0.001571811,0.007143151,0.007126913,0.008881271,0.008861241
902,0.000828139,1.07E-06,0.000197672,0.000197271,0.001550349,0.001553677,0.007068904,0.007053168,0.008787048,0.008767636
903,0.00081784,1.05E-06,0.000195555,0.000195167,0.001532163,0.001535381,0.006993606,0.006978363,0.008691556,0.008672751
904,0.00080751,1.04E-06,0.000193419,0.000193043,0.001513846,0.001516956,0.006917401,0.006902644,0.008594974,0.008576766
905,0.000797827,1.02E-06,0.000191268,0.000190905,0.001495445,0.001498449,0.006840523,0.006826242,0.008497588,0.008479966
906,0.000788027,1.00E-06,0.000189096,0.000188745,0.001476897,0.001479798,0.006762664,0.00674885,0.008399019,0.008381973
907,0.000776808,9.89E-07,0.000186859,0.000186519,0.001457849,0.001460647,0.006682128,0.00666878,0.008297173,0.0082807
908,0.000765671,9.73E-07,0.00018454,0.000184212,0.001438163,0.001440858,0.006598245,0.006585363,0.008191223,0.008175325
909,0.000754682,9.56E-07,0.000182142,0.000181826,0.00141787,0.001420463,0.006511155,0.006498739,0.008081341,0.008066016
910,0.000742599,9.40E-07,0.000179693,0.000179389,0.001397202,0.001399695,0.006421962,0.006410005,0.007968888,0.007954129
911,0.000730649,9.23E-07,0.000177187,0.000176895,0.001376106,0.0013785,0.006330402,0.006318902,0.007853539,0.00783934
912,0.000718912,9.06E-07,0.00017455,0.00017427,0.001353984,0.001356278,0.006233576,0.006222537,0.007731711,0.007718079
913,0.000706078,8.88E-07,0.000171699,0.000171431,0.001330165,0.001332358,0.006128232,0.006117666,0.007599386,0.007586338
914,0.00069273,8.69E-07,0.000168613,0.000168357,0.001304492,0.00130658,0.006013566,0.006003491,0.007455568,0.007443123
915,0.000678526,8.49E-07,0.00016534,0.000165096,0.001277362,0.001279344,0.005891483,0.005881905,0.007302604,0.00729077
916,0.000663942,8.28E-07,0.000161944,0.000161712,0.0012493,0.001251177,0.005764499,0.005755416,0.007143597,0.007132372
917,0.000647029,8.07E-07,0.000158447,0.000158228,0.001220499,0.001222273,0.005633549,0.005624954,0.0069797,0.006969076
918,0.000630293,7.86E-07,0.000154846,0.000154639,0.001190936,0.001192608,0.005498512,0.005490401,0.006810763,0.006800734
919,0.000613959,7.64E-07,0.000151092,0.000150897,0.001160216,0.001161787,0.005357477,0.005349847,0.006634419,0.006624983
920,0.000595832,7.41E-07,0.00014709,0.000146907,0.001127599,0.001129068,0.00520682,0.005199678,0.006446181,0.006437345
921,0.000577876,7.17E-07,0.000142829,0.000142658,0.001093001,0.001094368,0.005046134,0.005039484,0.006245539,0.006237311
922,0.000558906,6.92E-07,0.000138363,0.000138205,0.001056882,0.001058147,0.004877665,0.004871506,0.00603527,0.006027646
923,0.000539437,6.67E-07,0.000133771,0.000133624,0.001019868,0.001021034,0.004704485,0.004698804,0.005819169,0.005812135
924,0.000519685,6.41E-07,0.000129091,0.000128956,0.000982292,0.000983363,0.004528248,0.004523029,0.005599289,0.005592825
925,0.000499994,6.16E-07,0.000124364,0.00012424,0.000944461,0.000945442,0.00435049,0.004345714,0.005377535,0.005371617
926,0.000481077,5.90E-07,0.00011966,0.000119546,0.000906945,0.00090784,0.004174027,0.004169667,0.005157403,0.005152001
927,0.000461003,5.65E-07,0.000115057,0.000114953,0.000870359,0.000871175,0.004001899,0.003997926,0.004942672,0.004937747
928,0.000442024,5.41E-07,0.000110576,0.000110481,0.000834847,0.000835591,0.003834844,0.003831226,0.004734265,0.004729781
929,0.00042387,5.18E-07,0.000106246,0.000106159,0.000800636,0.000801313,0.003673989,0.003670697,0.00453359,0.004529511
930,0.00040575,4.96E-07,0.000102078,0.000101999,0.000767808,0.000768425,0.00351976,0.003516766,0.004341187,0.004337476
931,0.000388236,4.75E-07,9.81E-05,9.80E-05,0.000736357,0.000736918,0.003372136,0.003369412,0.004157034,0.004153658
932,0.000371132,4.55E-07,9.42E-05,9.42E-05,0.00070621,0.000706721,0.003230782,0.003228305,0.003980723,0.003977653
933,0.000355523,4.35E-07,9.05E-05,9.05E-05,0.000677256,0.000677722,0.003095167,0.003092914,0.003811601,0.00380881
934,0.000341907,4.17E-07,8.69E-05,8.69E-05,0.000649371,0.000649794,0.002964691,0.002962643,0.003648928,0.003646392
935,0.000328985,3.99E-07,8.35E-05,8.34E-05,0.000622437,0.000622822,0.002838797,0.002836937,0.003492016,0.003489713
936,0.000316593,3.81E-07,8.01E-05,8.01E-05,0.000596364,0.000596714,0.002717053,0.002715366,0.003340333,0.003338244
937,0.000302471,3.64E-07,7.68E-05,7.68E-05,0.000571098,0.000571416,0.002599203,0.002597673,0.003193563,0.00319167
938,0.000288498,3.48E-07,7.37E-05,7.36E-05,0.000546623,0.000546911,0.002485175,0.00248379,0.003051619,0.003049906
939,0.000275119,3.32E-07,7.06E-05,7.05E-05,0.000522956,0.000523217,0.002375056,0.002373803,0.002914608,0.002913059
940,0.000262737,3.17E-07,6.76E-05,6.76E-05,0.000500136,0.000500372,0.002269028,0.002267896,0.002782756,0.002781357
941,0.00025108,3.02E-07,6.47E-05,6.47E-05,0.000478204,0.000478418,0.00216729,0.002166268,0.002656304,0.002655041
942,0.000240387,2.88E-07,6.20E-05,6.20E-05,0.000457186,0.000457379,0.002069959,0.002069035,0.002535396,0.002534256
943,0.000230549,2.75E-07,5.93E-05,5.93E-05,0.000437073,0.000437248,0.001976983,0.001976149,0.002419964,0.002418935
944,0.000220087,2.62E-07,5.68E-05,5.68E-05,0.000417805,0.000417963,0.001888069,0.001887316,0.002309641,0.002308713
945,0.000209672,2.50E-07,5.44E-05,5.43E-05,0.000399261,0.000399404,0.001802633,0.001801954,0.002203704,0.002202867
946,0.000200187,2.38E-07,5.20E-05,5.20E-05,0.000381256,0.000381385,0.001719793,0.001719182,0.00210106,0.002100307
947,0.000191496,2.27E-07,4.96E-05,4.96E-05,0.000363552,0.000363668,0.001638418,0.001637868,0.002000316,0.001999639
948,0.000181418,2.15E-07,4.73E-05,4.73E-05,0.000345879,0.000345984,0.001557242,0.001556751,0.001899915,0.00189931
949,0.000172037,2.04E-07,4.49E-05,4.49E-05,0.000327981,0.000328073,0.001475059,0.001474623,0.001798377,0.001797841
950,0.000162557,1.92E-07,4.24E-05,4.24E-05,0.000309666,0.000309747,0.001391,0.001390617,0.001694643,0.001694172
